[
  {
    "groupName": "",
    "name": "Blinded",
    "description": "*   A blinded creature can't see and automatically fails any ability check that requires sight.\n*   Attack rolls against the creature have advantage, and the creature's attack rolls have disadvantage.",
    "short": [
      "Automatically fail sight checks",
      "Attack rolls against you have advantage",
      "Disadvantage on attack rolls"
    ]
  },
  {
    "groupName": "",
    "name": "Charmed",
    "description": "*   A charmed creature can't attack the charmer or target the charmer with harmful abilities or magical effects.\n*   The charmer has advantage on any ability check to interact socially with the creature.",
    "short": ["Can't hurt the charmer"]
  },
  {
    "groupName": "",
    "name": "Deafened",
    "description": "*   A deafened creature can't hear and automatically fails any ability check that requires hearing.",
    "short": ["Automatically fail hearing checks"]
  },
  {
    "groupName": "Exhaustion",
    "name": "1",
    "description": "Some special abilities and environmental hazards, such as starvation and the long-term effects of freezing or scorching temperatures, can lead to a special condition called exhaustion. Exhaustion is measured in six levels. An effect can give a creature one or more levels of exhaustion, as specified in the effect's description.\n\n| Level | Effect |\n| --- | --- |\n| 1   | Disadvantage on ability checks |\n| 2   | Speed halved |\n| 3   | Disadvantage on attack rolls and saving throws |\n| 4   | Hit point maximum halved |\n| 5   | Speed reduced to 0 |\n| 6   | Death |\n\n\nIf an already exhausted creature suffers another effect that causes exhaustion, its current level of exhaustion increases by the amount specified in the effect's description.\n\nA creature suffers the effect of its current level of exhaustion as well as all lower levels. For example, a creature suffering level 2 exhaustion has its speed halved and has disadvantage on ability checks.\n\nAn effect that removes exhaustion reduces its level as specified in the effect's description, with all exhaustion effects ending if a creature's exhaustion level is reduced below 1.\nFinishing a long rest reduces a creature's exhaustion level by 1, provided that the creature has also ingested some food and drink. Also, being raised from the dead reduces a creature’s exhaustion level by 1.",
    "short": ["Disadvantage on ability checks"]
  },
  {
    "groupName": "Exhaustion",
    "name": "2",
    "description": "Some special abilities and environmental hazards, such as starvation and the long-term effects of freezing or scorching temperatures, can lead to a special condition called exhaustion. Exhaustion is measured in six levels. An effect can give a creature one or more levels of exhaustion, as specified in the effect's description.\n\n| Level | Effect |\n| --- | --- |\n| 1   | Disadvantage on ability checks |\n| 2   | Speed halved |\n| 3   | Disadvantage on attack rolls and saving throws |\n| 4   | Hit point maximum halved |\n| 5   | Speed reduced to 0 |\n| 6   | Death |\n\n\nIf an already exhausted creature suffers another effect that causes exhaustion, its current level of exhaustion increases by the amount specified in the effect's description.\n\nA creature suffers the effect of its current level of exhaustion as well as all lower levels. For example, a creature suffering level 2 exhaustion has its speed halved and has disadvantage on ability checks.\n\nAn effect that removes exhaustion reduces its level as specified in the effect's description, with all exhaustion effects ending if a creature's exhaustion level is reduced below 1.\nFinishing a long rest reduces a creature's exhaustion level by 1, provided that the creature has also ingested some food and drink. Also, being raised from the dead reduces a creature’s exhaustion level by 1.",
    "short": ["Disadvantage on ability checks", "Speed halved"]
  },
  {
    "groupName": "Exhaustion",
    "name": "3",
    "description": "Some special abilities and environmental hazards, such as starvation and the long-term effects of freezing or scorching temperatures, can lead to a special condition called exhaustion. Exhaustion is measured in six levels. An effect can give a creature one or more levels of exhaustion, as specified in the effect's description.\n\n| Level | Effect |\n| --- | --- |\n| 1   | Disadvantage on ability checks |\n| 2   | Speed halved |\n| 3   | Disadvantage on attack rolls and saving throws |\n| 4   | Hit point maximum halved |\n| 5   | Speed reduced to 0 |\n| 6   | Death |\n\n\nIf an already exhausted creature suffers another effect that causes exhaustion, its current level of exhaustion increases by the amount specified in the effect's description.\n\nA creature suffers the effect of its current level of exhaustion as well as all lower levels. For example, a creature suffering level 2 exhaustion has its speed halved and has disadvantage on ability checks.\n\nAn effect that removes exhaustion reduces its level as specified in the effect's description, with all exhaustion effects ending if a creature's exhaustion level is reduced below 1.\nFinishing a long rest reduces a creature's exhaustion level by 1, provided that the creature has also ingested some food and drink. Also, being raised from the dead reduces a creature’s exhaustion level by 1.",
    "short": [
      "Disadvantage on ability checks",
      "Speed halved",
      "Disadvantage on attack rolls",
      "Disadvantage on saving throws"
    ]
  },
  {
    "groupName": "Exhaustion",
    "name": "4",
    "description": "Some special abilities and environmental hazards, such as starvation and the long-term effects of freezing or scorching temperatures, can lead to a special condition called exhaustion. Exhaustion is measured in six levels. An effect can give a creature one or more levels of exhaustion, as specified in the effect's description.\n\n| Level | Effect |\n| --- | --- |\n| 1   | Disadvantage on ability checks |\n| 2   | Speed halved |\n| 3   | Disadvantage on attack rolls and saving throws |\n| 4   | Hit point maximum halved |\n| 5   | Speed reduced to 0 |\n| 6   | Death |\n\n\nIf an already exhausted creature suffers another effect that causes exhaustion, its current level of exhaustion increases by the amount specified in the effect's description.\n\nA creature suffers the effect of its current level of exhaustion as well as all lower levels. For example, a creature suffering level 2 exhaustion has its speed halved and has disadvantage on ability checks.\n\nAn effect that removes exhaustion reduces its level as specified in the effect's description, with all exhaustion effects ending if a creature's exhaustion level is reduced below 1.\nFinishing a long rest reduces a creature's exhaustion level by 1, provided that the creature has also ingested some food and drink. Also, being raised from the dead reduces a creature’s exhaustion level by 1.",
    "short": [
      "Disadvantage on ability checks",
      "Speed halved",
      "Disadvantage on attack rolls",
      "Disadvantage on saving throws",
      "Hit point maximum halved"
    ]
  },
  {
    "groupName": "Exhaustion",
    "name": "5",
    "description": "Some special abilities and environmental hazards, such as starvation and the long-term effects of freezing or scorching temperatures, can lead to a special condition called exhaustion. Exhaustion is measured in six levels. An effect can give a creature one or more levels of exhaustion, as specified in the effect's description.\n\n| Level | Effect |\n| --- | --- |\n| 1   | Disadvantage on ability checks |\n| 2   | Speed halved |\n| 3   | Disadvantage on attack rolls and saving throws |\n| 4   | Hit point maximum halved |\n| 5   | Speed reduced to 0 |\n| 6   | Death |\n\n\nIf an already exhausted creature suffers another effect that causes exhaustion, its current level of exhaustion increases by the amount specified in the effect's description.\n\nA creature suffers the effect of its current level of exhaustion as well as all lower levels. For example, a creature suffering level 2 exhaustion has its speed halved and has disadvantage on ability checks.\n\nAn effect that removes exhaustion reduces its level as specified in the effect's description, with all exhaustion effects ending if a creature's exhaustion level is reduced below 1.\nFinishing a long rest reduces a creature's exhaustion level by 1, provided that the creature has also ingested some food and drink. Also, being raised from the dead reduces a creature’s exhaustion level by 1.",
    "short": [
      "Disadvantage on ability checks",
      "Speed reduced to 0",
      "Disadvantage on attack rolls",
      "Disadvantage on saving throws",
      "Hit point maximum halved"
    ]
  },
  {
    "groupName": "",
    "name": "Frightened",
    "description": "*   A frightened creature has disadvantage on ability checks and attack rolls while the source of its fear is within line of sight.\n*   The creature can't willingly move closer to the source of its fear.",
    "short": [
      "Disadvantage on ability checks while in sight",
      "Disadvantage on attack rolls while in sight",
      "Can't willingly move closer to source of fear"
    ]
  },
  {
    "groupName": "",
    "name": "Grappled",
    "description": "*   A grappled creature's speed becomes 0, and it can't benefit from any bonus to its speed.\n*   The condition ends if the grappler is incapacitated.\n*   The condition also ends if an effect removes the grappled creature from the reach of the grappler or grappling effect, such as when a creature is hurled away by the thunderwave spell.",
    "short": ["Speed reduced to 0"]
  },
  {
    "groupName": "",
    "name": "Incapacitated",
    "description": "*   An incapacitated creature can't take actions or reactions.",
    "short": ["No actions or reactions"]
  },
  {
    "groupName": "",
    "name": "Invisible",
    "description": "*   An invisible creature is impossible to see without the aid of magic or a special sense. For the purpose of hiding, the creature is heavily obscured. The creature's location can be detected by any noise it makes or any tracks it leaves.\n*   Attack rolls against the creature have disadvantage, and the creature's attack rolls have advantage.",
    "short": ["Advantage on attack rolls", "Attack rolls against you have disadvantage"]
  },
  {
    "groupName": "",
    "name": "Paralyzed",
    "description": "*   A paralyzed creature is incapacitated and can't move or speak.\n*   The creature automatically fails Strength and Dexterity saving throws. Attack rolls against the creature have advantage.\n*   Any attack that hits the creature is a critical hit if the attacker is within 5 feet of the creature.",
    "short": [
      "No actions or reactions",
      "Speed reduced to 0",
      "Fail strength and dexterity saving throws",
      "Attack rolls against you have disadvantage",
      "Attacks within 5ft that hit auto-crit"
    ]
  },
  {
    "groupName": "",
    "name": "Petrified",
    "description": "*   A petrified creature is transformed, along with any nonmagical object it is wearing or carrying, into a solid inanimate substance (usually stone). Its weight increases by a factor of ten, and it ceases aging.\n*   The creature is incapacitated, can't move or speak, and is unaware of its surroundings.\n*   Attack rolls against the creature have advantage.\n*   The creature automatically fails Strength and Dexterity saving throws.\n*   The creature has resistance to all damage.\n*   The creature is immune to poison and disease, although a poison or disease already in its system is suspended, not neutralized.",
    "short": [
      "No actions or reactions",
      "Speed reduced to 0",
      "Attack rolls against you have advantage",
      "Fail strength and dexterity saving throws",
      "Resistance to all damage, immune to poison and disease"
    ]
  },
  {
    "groupName": "",
    "name": "Poisoned",
    "description": "*   A poisoned creature has disadvantage on attack rolls and ability checks.",
    "short": ["Disadvantage on attack rolls", "Disadvantage on ability checks"]
  },
  {
    "groupName": "",
    "name": "Prone",
    "description": "*   A prone creature's only movement option is to crawl, unless it stands up and thereby ends the condition.\n*   The creature has disadvantage on attack rolls.\n*   An attack roll against the creature has advantage if the attacker is within 5 feet of the creature. Otherwise, the attack roll has disadvantage.",
    "short": [
      "Disadvantage on attack rolls",
      "Attacks rolls against you have advantage if within 5ft, otherwise disadvantage"
    ]
  },
  {
    "groupName": "",
    "name": "Restrained",
    "description": "*   A restrained creature's speed becomes 0, and it can't benefit from any bonus to its speed.\n*   Attack rolls against the creature have advantage, and the creature's attack rolls have disadvantage.\n*   The creature has disadvantage on Dexterity saving throws.",
    "short": ["Speed reduced to 0", "Attack rolls against you have advantage", "Disadvantage on attack rolls"]
  },
  {
    "groupName": "",
    "name": "Stunned",
    "description": "*   A stunned creature is [incapacitated](/sources/dnd/free-rules/rules-glossary#IncapacitatedCondition) (see the condition), can't move, and can speak only falteringly.\n*   The creature automatically fails Strength and Dexterity saving throws.\n*   Attack rolls against the creature have advantage.",
    "short": [
      "No actions or reactions",
      "Speed reduced to 0",
      "Fail strength and dexterity saving throws",
      "Attack rolls against you have advantage"
    ]
  },
  {
    "groupName": "",
    "name": "Unconscious",
    "description": "*   An unconscious creature is [incapacitated](/sources/dnd/free-rules/rules-glossary#IncapacitatedCondition), can't move or speak, and is unaware of its surroundings.\n*   The creature drops whatever it's holding and falls [prone](/sources/dnd/free-rules/rules-glossary#ProneCondition).\n*   The creature automatically fails Strength and Dexterity saving throws.\n*   Attack rolls against the creature have advantage.\n*   Any attack that hits the creature is a critical hit if the attacker is within 5 feet of the creature.",
    "short": [
      "No actions or reactions",
      "Speed reduced to 0",
      "Drop what you are holding and fall prone",
      "Fail strength and dexterity saving throws",
      "Attack rolls against you have advantage",
      "Attacks within 5ft that hit auto-crit"
    ]
  }
]
